time,adp,sdadp,asa,sdasa,asp,sdasp,aspp,sdaspp,atp,sdatp,hs,sdhs,hsp,sdhsp,nadp,sdnadp,nadph,sdnadph,phos,sdphos,thr,sdthr,V,sdV
0,0,0.1108,0,0.0022,2,0.1,0,2.43E-04,5,0.25,7.89E-31,0.0061,0,0.0061,0,0.0749,2,0.1,0,0.1101,2,0.1336,1,1
1,0.03650017,0.1108,0.018115037,0.0022,1.972012235,0.1,0.004541994,2.43E-04,4.96349983,0.25,0.005100329,0.0061,0.000222911,0.0061,0.030943643,0.0749,1.969056357,0.1,0.031735265,0.1101,2.000007494,0.1336,1,1
2,0.072880041,0.1108,0.030259348,0.0022,1.945445292,0.1,0.004814306,2.43E-04,4.927119959,0.25,0.017719722,0.0061,0.001641673,0.0061,0.073513685,0.0749,1.926486315,0.1,0.066424062,0.1101,2.00011966,0.1336,1,1
3,0.109892203,0.1108,0.037043218,0.0022,1.92014514,0.1,0.004851313,2.43E-04,4.890107797,0.25,0.032768987,0.0061,0.004653843,0.0061,0.119332686,0.0749,1.880667314,0.1,0.100387047,0.1101,2.0005375,0.1336,1,1
4,0.147671505,0.1108,0.040718126,0.0022,1.896051262,0.1,0.004771286,2.43E-04,4.852328495,0.25,0.047864558,0.0061,0.009128965,0.0061,0.166031561,0.0749,1.833968439,0.1,0.133771253,0.1101,2.001465802,0.1336,1,1
5,0.186146796,0.1108,0.042517907,0.0022,1.873095067,0.1,0.004632393,2.43E-04,4.813853204,0.25,0.061922771,0.0061,0.014767285,0.0061,0.212397097,0.0749,1.787602903,0.1,0.166747118,0.1101,2.003064577,0.1336,1,1
,,,,,,,,,,,,,,,,,,,,,,,,
0,0,0.001,0,0.001,2,0.201,0,0.001,5,0.501,7.89E-31,0.001,0,0.001,0,0.001,2,0.201,0,0.001,2,0.201,1,1
